,prompts
0,"A 25-year-old South Asian man with a clean fade haircut, slight stubble, and wearing a black t-shirt, photographed in soft daylight."
1,"A middle-aged African woman with natural afro-textured hair, subtle makeup, and a calm expression, wearing a patterned blouse."
2,"An elderly Caucasian man with deep wrinkles, blue eyes, and a bald head, smiling gently against a neutral studio background."
3,"A young Latina woman with long, straight dark brown hair, hoop earrings, and a confident gaze, urban background slightly blurred."
4,"A teenage boy with East Asian features, messy black hair, and wearing a hoodie, looking directly into the camera with a curious expression."
5,"A realistic headshot of a Middle Eastern woman wearing a beige hijab and minimal makeup, with soft shadows on her face."
6,"A baby with light skin, big round eyes, and chubby cheeks, smiling and sitting on a white blanket."
7,"A 40-year-old man with a shaved head, a strong jawline, and wearing a suit jacket, business portrait with a shallow depth of field."
8,"A young woman with vitiligo, short curly hair, and a confident expression, photographed in natural outdoor lighting."
9,"A realistic passport-style photo of a man in his 30s with short dark hair, light stubble, and neutral expression, plain white background."
10,"A senior Indian woman with white hair tied in a bun, wearing a traditional sari, and smiling gently in a sunlit garden."
11,"A young Black man with dreadlocks, wearing a red hoodie, and standing in front of a brick wall, looking serious."
12,"A middle-aged East Asian man with rectangular glasses and a gentle smile, seated at a wooden desk in warm lighting."
13,"A 20-something Hispanic man with a goatee and short hair, wearing a denim jacket, captured at golden hour."
14,"A mature white woman with curly gray hair and a confident pose, wearing a navy blazer in front of a bookcase."
15,"A toddler with medium skin tone, curly hair, and a playful expression, crawling on a wooden floor."
16,"A teenage girl with pale skin, straight red hair, and freckles, gazing pensively out of a window."
17,"A woman in her 30s with dark eyes and a pixie cut, wearing a scarf and coat in an outdoor cityscape."
18,"A professional headshot of a Southeast Asian man in his 40s, with a bright smile and a blue dress shirt."
19,"A young woman with light brown skin, braided hair, and wearing a sports jersey, standing under stadium lights."
20,"A man with sharp features, olive skin, and styled hair, wearing a leather jacket in a dramatic low-light setup."
21,"An elderly Latina woman with deep laugh lines, wearing a shawl and sitting in a rustic home."
22,"A newborn baby with pink skin and closed eyes, swaddled in a white blanket under soft lighting."
23,"A bearded man in his 30s with glasses and a beanie, standing outdoors with a snowy background."
24,"A woman in her 40s with almond-shaped eyes and a soft smile, wearing business attire in front of a city skyline."
25,"A dark-skinned teenage boy with short-cropped hair, wearing a basketball jersey, standing on an outdoor court."
26,"A bald man with light brown skin, a thick beard, and a serious expression, photographed in front of a concrete wall."
27,"A young girl with curly black hair and big eyes, looking curious while sitting at a colorful table."
28,"A middle-aged woman with tan skin and short gray hair, wearing reading glasses and a floral shirt, smiling warmly."
29,"A clean-shaven East Asian man in his late 20s with a stylish haircut, wearing a denim button-up shirt."
30,"A young man with a dark complexion and full lips, wearing headphones and a hoodie, in a studio setting."
31,"A woman with long dark brown hair and bangs, olive skin, wearing a white sweater in soft morning light."
32,"A 50-year-old man with receding hairline, bushy eyebrows, and a tweed jacket, portrait against a brown backdrop."
33,"A girl with shoulder-length light brown hair, fair complexion, and dimples, sitting in a classroom."
34,"A young male with freckles, tan skin, and a buzz cut, wearing a tank top and smiling widely."
35,"A woman in her late 20s with hazel eyes, shoulder-length curls, and natural makeup, in an office environment."
36,"A middle-aged Black man with a clean-shaven head, strong jaw, and glasses, photographed against a light grey background."
37,"An elderly woman with very light skin, wearing pearl earrings and a soft cardigan, sitting in a rocking chair."
38,"A young adult man with pale skin, short spiked blond hair, and blue eyes, looking off-camera."
39,"A chubby-cheeked toddler with dark skin and pigtails, grinning with a missing tooth."
40,"A 35-year-old woman with olive skin, brown eyes, and a ponytail, wearing scrubs in a hospital corridor."
41,"A South Asian boy around 10 years old with short straight hair and glasses, wearing a school uniform."
42,"A slim man in his 20s with high cheekbones, dark brown eyes, and a designer shirt, studio-lit."
43,"A woman with fair skin and platinum blonde hair in a bun, wearing a trench coat and scarf on a windy day."
44,"A man in his 60s with gray temples and a goatee, smiling subtly with crow’s feet around his eyes."
45,"A young woman with an undercut hairstyle, piercings, and a neutral expression, set against a brick wall."
46,"A bald Asian man with glasses, faint scars, and a calm demeanor, dressed in a black turtleneck."
47,"A preschool-aged girl with light olive skin and long dark hair, wearing a bow and pink dress, sitting on a swing."
48,"A teenage boy with braces and a skateboard, wearing a cap backward and a backpack."
49,"A smiling middle-aged woman with tanned skin, beachy waves, and sunglasses on her head, standing near the ocean."
50,"A South Asian woman in her early 30s with long wavy hair, wearing a mustard blouse and looking confidently at the camera"
51,"A middle-aged white man with salt-and-pepper hair and a relaxed smile, seated in a leather chair"
52,"A young Black woman with braided hair and golden hoop earrings, wearing a casual tank top in front of a graffiti wall"
53,"A 5-year-old East Asian girl with pigtails and a red dress, laughing while blowing bubbles"
54,"A bearded Hispanic man with sunglasses and a leather jacket, leaning against a car at dusk"
55,"An elderly Middle Eastern man with a white beard and traditional keffiyeh, sitting outside a small café"
56,"A young woman with albinism and silver-white curls, looking gently into the lens under overcast light"
57,"A teenage boy with light brown skin, a mop of curly hair, and a toothy smile, holding a soccer ball"
58,"A 60-year-old Asian woman with short gray hair, wearing a green cardigan and holding a cup of tea"
59,"A preschool boy with dark skin, a wide grin, and a blue dinosaur hoodie, standing in a playground"
60,"A man in his 30s with sharp features, pale skin, and a light beard, wearing a hoodie under soft light"
61,"A young blonde woman with a ponytail, athletic build, and freckles, standing on a tennis court"
62,"A woman in her 20s with thick eyebrows, tan skin, and long black hair, seated at a sunny café table"
63,"An older man with long gray hair in a ponytail, wearing a black sweater and looking serene"
64,"A teenage girl with short afro-textured hair, dark skin, and a joyful smile, standing in a garden"
65,"A toddler with straight blonde hair, blue eyes, and chocolate smeared on his cheeks"
66,"A Middle Eastern woman with olive skin and subtle eyeliner, wearing a beige coat in a studio setup"
67,"A redheaded man in his 40s with a bushy beard and a soft smile, sitting in a cozy living room"
68,"A petite woman with East Asian features and short bangs, dressed in a modern minimalist outfit"
69,"A boy around 8 years old with a round face, light brown skin, and a missing front tooth"
70,"A rugged man with tanned skin, heavy stubble, and sun-kissed hair, photographed outdoors"
71,"A woman with dark wavy hair, high cheekbones, and a red scarf, walking through a foggy forest"
72,"A teenage boy with a confident smirk, pierced ear, and denim jacket in front of neon signage"
73,"A girl with round glasses, pale skin, and two braids, holding a cat in her arms"
74,"A man in his 50s with strong features, deep laugh lines, and dressed in a casual flannel"
75,"A young woman with light freckles and ginger curls, standing beside a lake in morning light"
76,"An older Black man with short gray curls and warm eyes, wearing a button-down shirt"
77,"A young adult with androgynous features, shoulder-length dark hair, and a serious expression"
78,"A toddler girl with frizzy hair and dimples, playing with building blocks on the floor"
79,"A professional woman in her late 30s with an updo and blazer, posing in front of an office window"
80,"A man with a man bun, olive skin, and a defined jawline, wearing a loose-fitting white shirt"
81,"A high school girl with tan skin, acne scars, and a messy ponytail, smiling shyly at the camera"
82,"An elderly Asian man with a cane and wool cap, standing in front of a historic building"
83,"A young man with a camera around his neck, buzzcut, and light beard, standing in an alleyway"
84,"A fair-skinned girl with a rounded face, short bob cut, and holding a book"
85,"A dark-skinned man with a shaved head, gold chain, and expressive eyebrows, looking thoughtful"
86,"A woman in her early 40s with a soft jawline, light brown eyes, and a natural smile"
87,"A boy with East Asian features and a bowl cut, holding a lollipop and grinning"
88,"A girl with shoulder-length curls, a yellow headband, and tan skin, standing by a window"
89,"A man with rosacea and stubble, wearing a hoodie and staring seriously at the camera"
90,"A senior woman with wrinkled skin, pale blue eyes, and a floral shawl, seated by a fireplace"
91,"A chubby toddler with straight black hair and sleepy eyes, sitting in a stroller"
92,"A young woman with large brown eyes, pale skin, and dramatic eyeliner, in a cafe at night"
93,"A construction worker in his 30s with rough hands and a weathered face, taking a break"
94,"A girl with long braids, braces, and wearing a striped shirt, holding a journal"
95,"A man in his 20s with a scar on his cheek, short black hair, and dark clothes"
96,"A woman with shoulder-length auburn hair, green eyes, and a red turtleneck sweater"
97,"A light-skinned boy with thick curly hair, a wide smile, and wearing a superhero shirt"
98,"A woman with vitiligo and thick-rimmed glasses, posing against a graffiti wall"
99,"A grandfather with dark brown skin, gray mustache, and a baseball cap, sitting on a porch"
100,"A middle-aged South Asian man with a neatly trimmed beard and traditional kurta, standing near a sunset-lit field"
101,"A young Indigenous girl with long straight black hair, shy smile, and wearing a beaded necklace"
102,"A biracial teenage boy with curly hair and freckles, posing against a cityscape at dusk"
103,"An elderly white woman with permed silver hair, pearl earrings, and a floral blouse"
104,"A Southeast Asian man in his 20s with a clean fade haircut, smiling with one eyebrow raised"
105,"A young adult woman with Down syndrome and short light brown hair, smiling warmly at the camera"
106,"A dark-skinned man in his 30s with dreadlocks pulled back, wearing a denim vest"
107,"A woman with vitiligo, strong cheekbones, and a floral dress, looking confidently into the lens"
108,"A toddler with tan skin and curly hair, wearing overalls and giggling"
109,"A redheaded woman with sunburnt skin, freckles, and blue eyes, standing at a beach"
110,"A man with deep smile lines, salt-and-pepper stubble, and a baseball cap turned backward"
111,"A young Asian woman with long bangs and a white sundress, walking through a park"
112,"A baby with big brown eyes and fuzzy hair, bundled in a yellow blanket"
113,"A man in his late 20s with curly top hair and a light goatee, wearing a retro windbreaker"
114,"An elderly Black woman with a headwrap and gold necklace, smiling softly"
115,"A South American teenager with a dimpled chin, wearing a soccer jersey and wristbands"
116,"A white man in his 40s with short brown hair, business casual attire, and a kind smile"
117,"A young woman with a pixie cut, thick eyebrows, and a thoughtful gaze"
118,"A girl around 10 years old with long blonde braids and braces, in a denim jacket"
119,"A dark-skinned man with high cheekbones and sharp jawline, lit from one side"
120,"A Native American elder with deep wrinkles and a feathered hat, standing in front of a mountain"
121,"A young couple with mixed heritage, heads touching and laughing in the sunshine"
122,"A Southeast Asian woman with clear skin, short bob haircut, and soft pink lipstick"
123,"A teenage boy with a narrow face and spiked hair, playfully sticking out his tongue"
124,"A 2-year-old girl with a pacifier and wild curls, lying on a blanket"
125,"A man with Mediterranean features and a neatly trimmed beard, dressed in a crisp white shirt"
126,"A chubby young boy with glasses and messy hair, eating a sandwich"
127,"A woman in her 30s with curly shoulder-length hair, tan skin, and a wide grin"
128,An elderly Chinese woman with thin white hair tied back and wearing a jade pendant
129,"A bald man with light skin, tattoos on his neck, and a serious expression"
130,"A girl with hazel eyes, shoulder-length curls, and a bright scarf wrapped around her head"
131,"A 5-year-old boy with dark brown skin and missing front teeth, holding a balloon"
132,"A young man with light freckles, close-cut hair, and wireframe glasses"
133,"A trans woman with long dyed pink hair, bold eyeliner, and a patterned jacket"
134,"An elderly man with thick bushy eyebrows, pale skin, and wearing suspenders"
135,"A woman with a light mustache and chin stubble, long wavy hair, and a relaxed smile"
136,"A young adult male with braces, acne, and buzzed hair, sitting near a window"
137,"A girl in her early teens with a ponytail and sunhat, holding a lemonade cup"
138,"A South Asian grandmother with hennaed hands, glasses, and a sari"
139,"A teen boy with albinism and sunglasses, wearing a bomber jacket"
140,"A woman in her late 20s with hoop earrings, voluminous curls, and bold lipstick"
141,"A boy with missing teeth, brown skin, and dirt-smudged cheeks, smiling at the camera"
142,"A white man with long dreadlocks and glasses, wearing a plaid flannel shirt"
143,"A girl with very short curly hair and a denim vest, leaning against a fence"
144,"An older Black man with a straw hat and white beard, standing in front of a barn"
145,"A Southeast Asian girl with a side ponytail and colorful clips, holding a drawing"
146,"A man in his early 40s with wavy black hair and a faint smile, backlit by warm light"
147,"A baby with olive skin and sparse hair, asleep with a pacifier in a crib"
148,"A young boy with tan skin and spiky hair, in a superhero costume"
149,"A woman with freckles, red lipstick, and short platinum hair, posing on a city street"
150,"An older man with dark brown eyes, bald head, and a thick mustache"
151,"A college student with South Asian heritage, thick beard, and a baseball hoodie"
152,"A girl with shoulder-length hair and a nose ring, in an art studio"
153,"A man in his 30s with a man bun, olive skin, and soft brown eyes"
154,"A toddler with fluffy curls and light green eyes, standing on tiptoes"
155,"A mature woman with long white-blonde hair, serious gaze, and beige sweater"
156,"A teen boy with East Asian features, overgrown bangs, and a white t-shirt"
157,"A woman in her 50s with warm brown skin and laugh lines, smiling with closed eyes"
158,"A young man with thick curls, dimples, and gold-framed glasses"
159,A dark-skinned girl with a beaming smile and two afro puffs
160,A Middle Eastern boy with neatly combed hair and a mischievous expression
161,A woman in her late 30s with box braids and large silver hoops
162,"A toddler with chubby cheeks, tiny teeth, and juice around their mouth"
163,A man in a turban with warm eyes and a graying beard
164,"A petite woman with tan skin, a pixie cut, and a floral shirt"
165,"A young boy with a bowl cut and round glasses, holding a pencil"
166,An older white woman with tight curls and a fur-lined coat
167,"A teenage girl with soft makeup, round face, and shoulder-length layers"
168,"A middle-aged man with small eyes, a trimmed beard, and formal attire"
169,"A boy with large ears, buzzed head, and playful grin"
170,A dark-skinned woman with long braids and gold highlights
171,"A girl with a bob haircut and pale skin, staring thoughtfully out a window"
172,"An elderly man with a wide smile, deep-set eyes, and a weathered hat"
173,"A transmasc person with a beanie, light stubble, and a plaid shirt"
174,"A young woman with light skin, round cheeks, and glossy lips"
175,"A baby with puffy cheeks, dark hair, and a pink onesie"
176,"A male model with chiseled features, short black curls, and a beige coat"
177,A chubby girl with light brown skin and an oversized hoodie
178,"A mature woman with sharp cheekbones, dyed red hair, and bold eyeliner"
179,"A boy with a skateboard, crooked smile, and tan skin"
180,"A girl in a puffy jacket, holding a snowball and laughing"
181,"A young adult male with shaggy hair, undercut, and gauged ears"
182,A toddler girl with twin pigtails and curious eyes
183,"A woman with long curly brown hair, green eyes, and a sun hat"
184,"A high school student with braces, straight black hair, and a school uniform"
185,"A 50-year-old man with broad shoulders, soft eyes, and a brown jacket"
186,A pale woman with long jet-black hair and a septum ring
187,"A boy in his early teens with a goofy smile, missing a shoe"
188,An Indigenous elder with long white braids and weathered skin
189,A young woman in hijab with subtle makeup and a relaxed smile
190,"A man with gray stubble, dark eyes, and reading glasses on his head"
191,A cheerful woman in her 20s with a round face and a sunflower in her hair
192,"A young boy with a scraped knee, buzzcut, and oversized t-shirt"
193,A man with asymmetric features and a scar above one eye
194,"A woman with thick eyebrows, tan skin, and large dimples"
195,"A teenage girl with painted nails, long lashes, and a pink hoodie"
196,"A senior with a toothy grin, wrinkled face, and eyes full of warmth"
197,"A middle-aged man with crow’s feet, balding head, and a collared shirt"
198,"A young adult with acne scars, short dyed hair, and a shy smile"
199,A boy with curly hair and a chocolate-smeared face holding a popsicle
200,"A teenage girl with braces and oversized glasses, laughing with friends"
201,A middle-aged East Asian man with a buzzcut and a friendly smirk
202,"A woman with a cleft lip scar and wavy dark hair, wearing a silk scarf"
203,"An elderly Black man with a cane, suspenders, and a deep, warm smile"
204,"A South Asian teenage girl with glasses and a high ponytail, focused on reading"
205,"A child with rosy cheeks and missing teeth, mid-giggle"
206,"A woman in her 30s with tight curls, a sharp jawline, and glossy lipstick"
207,"A man in his 60s with a grey beard and a beanie, leaning on a walking stick"
208,"A young girl with straight bangs and round cheeks, blowing bubbles"
209,"A white woman in a hijab and denim jacket, smiling with her eyes"
210,A tan-skinned boy with sleepy eyes and a messy cowlick
211,"A muscular man with buzzed hair and a crooked nose, wearing gym clothes"
212,"A girl with dyed blue hair, septum piercing, and a leather jacket"
213,An older man with a receding hairline and yellow-tinted aviator glasses
214,"A woman with sharp eyeliner and a fierce look, wearing all black"
215,A boy in elementary school with a cowlick and mismatched socks
216,A nonbinary teen with short curly hair and colorful eye makeup
217,An elderly woman with a deeply lined face and a crocheted shawl
218,A Southeast Asian girl with thin braids and a bright pink shirt
219,"A man with freckles, a beanie, and tired eyes holding a coffee cup"
220,"A woman with deep dimples, bold lipstick, and curly bangs"
221,A preteen boy with big ears and chipped front teeth
222,A woman in her 40s with a wide forehead and long brown braid
223,"A man with a heavy brow ridge and a short beard, dressed in business casual"
224,"A boy with straight dark hair and a missing front tooth, wearing a striped shirt"
225,"A woman with a buzz cut and heavy silver jewelry, standing in the sun"
226,A toddler girl with tiny pigtails and a pacifier on a clip
227,An older Indigenous man with traditional face paint and calm expression
228,A woman in her 50s with a short bob and wire-framed glasses
229,"A man with sideburns, round nose, and a bright red hoodie"
230,"A young woman with high cheekbones and a natural afro, softly smiling"
231,"A boy with dimples, chapped lips, and holding a toy car"
232,"A man with round glasses and an undercut, mid-laughter"
233,A teenage girl with a birthmark on her cheek and long straight hair
234,"A woman with almond-shaped eyes and full lips, caught in golden light"
235,"A child with frizzy curls and wide-open eyes, holding a toy"
236,An elderly woman with a faded tattoo on her neck and a knit hat
237,A man in his 30s with long sideburns and deep frown lines
238,A girl with curly pigtails and a cartoon backpack
239,A middle-aged woman with short red curls and tired eyes
240,A young man with tan skin and bleach-blonde tips in his hair
241,"A teen with freckles and a hoodie, making a peace sign"
242,"A woman with sharp eyeliner, a tiny beauty mark, and layered gold chains"
243,A child with flushed cheeks and a dinosaur t-shirt
244,A man with a pencil-thin mustache and shoulder-length hair
245,A girl with asymmetric haircut and glitter on her cheeks
246,A man in a cowboy hat with a kind gaze and sun-weathered skin
247,"A woman with thick curls, round cheeks, and a patterned headband"
248,A young boy with neatly parted hair and a school vest
249,A man in a windbreaker with tousled hair and a serious expression
250,A teenage boy with tousled sandy hair and sunburnt cheeks
251,A woman with pale skin and green eyes wearing a straw hat
252,A man in his 50s with crow’s feet and a camera around his neck
253,A girl with missing front teeth and rainbow face paint
254,A young man with thick eyebrows and gelled hair
255,A woman in a hoodie with tired eyes sipping from a thermos
256,A South Asian man with a receding hairline and a trimmed beard
257,An elderly woman with silver hair in a tight bun and pearl earrings
258,A freckled boy with messy curls and a mischievous grin
259,A young woman with short platinum hair and a small nose ring
260,A middle-aged man with square glasses and a corduroy jacket
261,A smiling child with large eyes and a butterfly clip
262,A woman with medium-length waves and glossy lips in the sun
263,A bald man with a goatee and faded neck tattoo
264,A teenage girl with long braids and colorful nails
265,A man in a suit with a five o'clock shadow and sharp jawline
266,A woman with a round face and thick lashes holding a flower
267,A boy in a baseball cap with braces and flushed cheeks
268,A girl with a side ponytail and oversized headphones
269,A senior man with liver spots and a calm expression
270,A young girl with tight curls and a big pink bow
271,A man with dreadlocks and clear-framed glasses
272,A woman with almond-shaped eyes and a dimpled chin
273,"A boy with tan skin, bowl-cut hair, and a toy truck"
274,A woman in her 30s with dark lipstick and a feathered hat
275,"A teen boy with acne and shaggy hair, chewing gum"
276,A man with salt-and-pepper beard and aviator sunglasses
277,A woman with slicked-back hair and bold red eyeshadow
278,A baby with chubby cheeks and a small tuft of hair
279,A young woman with hoop earrings and highlighted curls
280,A man with angular features and a faded baseball jersey
281,A girl with thick-framed glasses and glitter on her eyelids
282,A man with a long face and neatly trimmed moustache
283,A woman with high cheekbones and small curls at her temples
284,A boy with round glasses and a shy grin
285,A woman with a patterned scarf and pronounced smile lines
286,A man in a turtleneck with soft eyes and messy hair
287,A woman with sharp cheekbones and a pixie cut
288,A child with short hair and a marker-stained face
289,A woman with thin brows and a soft closed-mouth smile
290,A man with an angular jaw and sweat on his brow
291,A woman with a striped headwrap and sun-kissed skin
292,A teenager with uneven bangs and expressive eyes
293,A man with fine wrinkles and a confident stance
294,A girl with cat-eye eyeliner and a polka-dot dress
295,A boy with a chipped tooth and a juice box in hand
296,A young woman with fluffy bangs and glossy eyelids
297,"A man with a crew cut and a wide, toothy grin"
298,A woman with fluffy curls and faded freckles
299,A boy in a superhero cape and flushed cheeks
300,A man with stubble and sleepy eyes leaning on a table
301,A girl with butterfly clips and playful pink cheeks
302,A woman with a topknot and oversized hoop earrings
303,A man with spiky hair and a scar across one brow
304,A woman with defined brows and a pearl necklace
305,A teenage boy with a beanie and a skateboard in hand
306,A woman with silver eyeliner and a half-smile
307,A child with curly blonde hair and drool on their chin
308,A man with a thick neck and tattoos on his arms
309,A girl with bubblegum and a playful side glance
310,A woman with a denim jacket and a sunflower tucked in her hair
311,A man with a lazy eye and a fishing hat
312,A woman with sharp nails and dramatic mascara
313,A teen with a buzzed sidecut and star earrings
314,A man with smile lines and a gently wrinkled forehead
315,A girl with a unicorn headband and dimples
316,A woman in her 40s with sunspots and gentle smile
317,A man with deep-set eyes and a knit cap
318,A child with a pudding-stained mouth and big grin
319,A woman with a heart-shaped face and soft curls
320,A man with slouched shoulders and puffy eyes
321,A girl with a shy smile and a flower crown
322,A young man with tattoos on his neck and shaved sides
323,A woman with long lashes and small curls framing her face
324,A boy with rosy cheeks and a beanie pushed back
325,A woman with high ponytail and pastel eye shadow
326,A man in his 30s with a smirk and a pencil tucked behind his ear
327,A girl with a big bow and a sparkly dress
328,A man with pronounced jawline and glinting eyes
329,A woman with tightly braided hair and subtle blush
330,A teen boy with sunburn on his nose and crooked teeth
331,A man with glasses slipping down his nose and tired grin
332,"A woman with a sunhat and long, thick lashes"
333,A child with soft curls and curious wide eyes
334,A man with a gruff look and dimpled chin
335,A woman in a windbreaker with sporty sunglasses
336,A man with wet hair and water droplets on his face
337,A young woman with a soft expression and cozy sweater
338,A teen girl with ombre hair and lip gloss
339,A man with a broad nose and a chipped front tooth
340,A girl in pigtails and oversized earmuffs
341,A man with a shadow of stubble and kind smile
342,A woman with warm eyes and a messy bun
343,A boy with a mischievous grin and dirt on his face
344,A man with a shaved head and thick eyebrows
345,A woman with golden hoop earrings and coral lipstick
346,A child with big eyes and cheeks puffed from blowing air
347,A man with thick-rimmed glasses and sleepy posture
348,"A woman with soft jawline and a gentle, knowing smile"
349,A boy in a hoodie with crumbs on his face
350,A woman with a high bun and clear skin in soft lighting
351,A man with deep forehead lines and a flannel shirt
352,A woman with a bright smile and curls bouncing around her face
353,A boy with a scraped knee and a bandaid on his chin
354,A girl with sparkly eyeshadow and a denim vest
355,A man with light stubble and a scar near his eyebrow
356,A woman with round glasses and a thoughtful expression
357,A teenager with thick curly hair and a confident smirk
358,A girl in overalls with her hair in twin buns
359,A man with a crew cut and sunglasses resting on his head
360,A woman with thick braids and a red turtleneck
361,A boy in a striped hoodie with crumbs on his lips
362,A girl with a chipped nail and a flower in her braid
363,A man with a flat cap and faint freckles
364,A woman with glossy black hair and pearl-studded clips
365,A child with wild curls and a pacifier in their mouth
366,A man with a five o'clock shadow and narrow eyes
367,A woman in her 50s with sun-kissed wrinkles and warm eyes
368,A boy with messy hair and ink-stained fingers
369,A woman with a soft gaze and a silk scarf
370,A man in a leather jacket with a shaved head
371,A girl with big eyes and watermelon earrings
372,A man with laugh lines and a cozy sweater
373,A woman with honey-brown eyes and a gentle smile
374,A teen boy with a hoodie pulled over his messy hair
375,A man with silver-rimmed glasses and a walking cane
376,A woman in a floral shirt with a nose ring
377,A girl in a pink puffer jacket and glossy lips
378,A man with a serious expression and a bald spot
379,A woman with a sharp chin and long silver earrings
380,A child with a milk mustache and sleepy eyes
381,A woman with dark lipstick and an undercut
382,A man with hollow cheeks and tired eyes
383,A girl with tangled hair and sunburnt cheeks
384,A boy in a beanie with a flushed nose
385,A woman with green eyeliner and a knitted scarf
386,A man with a round face and rosy cheeks
387,A teenage girl with a top knot and airpods
388,A man with scars across his brow and rugged features
389,A woman with tightly pinned curls and dimples
390,A child in a wool hat with wide eyes
391,A woman with fuchsia lipstick and a warm smile
392,A man with a pencil-thin moustache and sharp cheekbones
393,A girl with glitter on her cheeks and braids
394,A boy with a soccer jersey and sweat on his forehead
395,A woman in a windbreaker and large hoop earrings
396,A man with tired eyes and a flannel beanie
397,A woman with a bold jaw and short cropped hair
398,A girl with bright barrettes and a smudged shirt
399,A man with long lashes and a soft expression
400,A woman in her 40s with a kind smile and faint freckles
401,A boy with his tongue out and blue face paint
402,A girl with windblown hair and a cotton candy smile
403,A man in a puffer vest and a confident look
404,A woman with glossy waves and minimal makeup
405,A boy with large ears and a red hoodie
406,A girl with dramatic mascara and a smirk
407,A man with a weathered face and bushy eyebrows
408,A woman with soft curls and a friendly squint
409,A teenager with one eyebrow raised and chapped lips
410,A man in a bomber jacket and stylish beard
411,A girl in oversized sunglasses and a ponytail
412,A woman in a striped dress with sharp eyeliner
413,A boy with pouty lips and a mischievous smirk
414,A man with shoulder-length hair and high cheekbones
415,A woman with a golden headband and cat-eye makeup
416,A child in a dinosaur hoodie with wide eyes
417,A man in a denim shirt with a crooked smile
418,A woman with a beaming grin and frizzy curls
419,A teenage boy with a thoughtful frown and slick hair
420,A girl with pink glasses and shiny lip gloss
421,A man with a lopsided smile and a tired gaze
422,A woman with warm brown eyes and a relaxed brow
423,A boy in a fleece jacket with food stains
424,A girl with blue braids and a cheeky grin
425,A man with a thick beard and a broad face
426,A woman with shoulder-length waves and flushed cheeks
427,A child with a confused look and cake on their face
428,A man with a scarred chin and intense eyes
429,A woman with a high ponytail and gold hoop earrings
430,A teenage girl with a vintage jacket and winged eyeliner
431,A boy with flushed cheeks and a gummy smile
432,A man with faint crow’s feet and sun-tanned skin
433,A woman with painted nails and oversized earrings
434,A girl in a school uniform with wide eyes
435,A man with hair gelled back and a wide jaw
436,A woman in a hijab with a gentle smile
437,A boy with a toothy grin and messy bangs
438,A woman with a silk head wrap and glowing skin
439,A teen boy with angular features and a serious gaze
440,A man with a cigarette behind his ear and a smirk
441,A girl in a velvet dress and sparkly eyes
442,A man with a shiny bald head and smooth skin
443,A woman with clear blue eyes and glossy lipstick
444,A child in a fuzzy onesie with droopy eyes
445,A man with a bumpy nose and stern mouth
446,A woman with sleepy eyes and a loose braid
447,A boy with dimples and bright blue eyes
448,A woman in a sunhat with golden eyeshadow
449,A teenager with gelled curls and a tight smile
450,A man with a furrowed brow and tense jaw
451,A woman with rose cheeks and a floral headband
452,A boy in a raincoat with excited eyes
453,A girl with oversized earmuffs and a curious look
454,A man in a navy blazer with salt-and-pepper hair
455,A woman with a small mole near her lip and soft curls
456,A boy with tousled hair and chocolate on his chin
457,A woman with dramatic lashes and shimmering eyeshadow
458,A man with piercing hazel eyes and a toothpick in his mouth
459,A teenage girl with braces and sparkly nail polish
460,A man with a wrinkled forehead and reading glasses
461,A woman in a sun dress with loose braids and tan skin
462,A boy with sandy hair and a toothy smile
463,A man with strong cheekbones and a painter’s smock
464,A woman with auburn curls and freckles on her nose
465,A girl with glitter on her eyelids and a butterfly clip
466,A man in a bucket hat with a thoughtful expression
467,A child with wide cheeks and grape juice on their lips
468,A woman in her 30s with hoop earrings and bright lipstick
469,A man in suspenders with slicked back hair
470,A woman with sharp eyeliner and a bold bob cut
471,A teenage boy with tousled hair and sleepy eyes
472,A girl in a hoodie with a coffee cup in her hands
473,A man with sunburned skin and a tired smile
474,A woman with snowflakes in her curls and flushed cheeks
475,A boy in a jersey with sweaty bangs
476,A woman with a confident pose and glossy red lips
477,A man with a narrow face and thick eyebrows
478,A girl with a pink headband and pigtails
479,A woman with henna tattoos and deep eyes
480,A man with a knit cap and a faint smile
481,A teenager with a scarf covering half their face
482,A woman in a leather jacket with a strong jawline
483,A boy with freckles and an impish grin
484,A girl with a beanie and glitter nail polish
485,A man in a suit with a relaxed expression
486,A woman with sleepy eyes and thick-rimmed glasses
487,A boy with curly bangs and an oversized hoodie
488,A woman with pale eyes and a floral choker
489,A man with droopy eyes and a faint scar on his cheek
490,A girl with a crown braid and a calm expression
491,A man with a shaved head and a mischievous smirk
492,A woman with a double chin and rosy cheeks
493,A boy with wind-chapped lips and messy curls
494,A teenage girl with a sharp stare and soft contouring
495,A woman in business attire with a side part
496,A man with faint stubble and a thin smile
497,A girl with sparkles on her cheekbones and wide pupils
498,A man with thinning hair and a stern look
499,A woman with a top knot and round glasses
