id,label
diffusion_model/generated_diffusion_model/generated_diffusion_model_0.png,1
diffusion_model/generated_diffusion_model/generated_diffusion_model_1.png,1
diffusion_model/generated_diffusion_model/generated_diffusion_model_2.png,1
diffusion_model/generated_diffusion_model/generated_diffusion_model_3.png,1
diffusion_model/generated_diffusion_model/generated_diffusion_model_4.png,1
diffusion_model/generated_diffusion_model/generated_diffusion_model_5.png,1
diffusion_model/generated_diffusion_model/generated_diffusion_model_6.png,1
diffusion_model/generated_diffusion_model/generated_diffusion_model_7.png,1
diffusion_model/generated_diffusion_model/generated_diffusion_model_8.png,1
diffusion_model/generated_diffusion_model/generated_diffusion_model_9.png,1
diffusion_model/generated_diffusion_model/generated_diffusion_model_11.png,1
diffusion_model/generated_diffusion_model/generated_diffusion_model_17.png,1
diffusion_model/generated_diffusion_model/generated_diffusion_model_19.png,1
diffusion_model/generated_diffusion_model/generated_diffusion_model_13.png,1
diffusion_model/generated_diffusion_model/generated_diffusion_model_16.png,1
diffusion_model/generated_diffusion_model/generated_diffusion_model_10.png,1
diffusion_model/generated_diffusion_model/generated_diffusion_model_15.png,1
diffusion_model/generated_diffusion_model/generated_diffusion_model_14.png,1
diffusion_model/generated_diffusion_model/generated_diffusion_model_18.png,1
diffusion_model/generated_diffusion_model/generated_diffusion_model_12.png,1
diffusion_model/generated_diffusion_model/generated_diffusion_model_23.png,1
diffusion_model/generated_diffusion_model/generated_diffusion_model_21.png,1
diffusion_model/generated_diffusion_model/generated_diffusion_model_22.png,1
diffusion_model/generated_diffusion_model/generated_diffusion_model_20.png,1
diffusion_model/generated_diffusion_model/generated_diffusion_model_24.png,1
diffusion_model/generated_diffusion_model/generated_diffusion_model_27.png,1
diffusion_model/generated_diffusion_model/generated_diffusion_model_25.png,1
diffusion_model/generated_diffusion_model/generated_diffusion_model_26.png,1
diffusion_model/generated_diffusion_model/generated_diffusion_model_28.png,1
diffusion_model/generated_diffusion_model/generated_diffusion_model_29.png,1
diffusion_model/generated_diffusion_model/generated_diffusion_model_30.png,1
diffusion_model/generated_diffusion_model/generated_diffusion_model_31.png,1
diffusion_model/generated_diffusion_model/generated_diffusion_model_32.png,1
diffusion_model/generated_diffusion_model/generated_diffusion_model_33.png,1
diffusion_model/generated_diffusion_model/generated_diffusion_model_35.png,1
diffusion_model/generated_diffusion_model/generated_diffusion_model_37.png,1
diffusion_model/generated_diffusion_model/generated_diffusion_model_34.png,1
diffusion_model/generated_diffusion_model/generated_diffusion_model_36.png,1
diffusion_model/generated_diffusion_model/generated_diffusion_model_38.png,1
diffusion_model/generated_diffusion_model/generated_diffusion_model_39.png,1
diffusion_model/generated_diffusion_model/generated_diffusion_model_41.png,1
diffusion_model/generated_diffusion_model/generated_diffusion_model_40.png,1
diffusion_model/generated_diffusion_model/generated_diffusion_model_42.png,1
diffusion_model/generated_diffusion_model/generated_diffusion_model_43.png,1
diffusion_model/generated_diffusion_model/generated_diffusion_model_44.png,1
diffusion_model/generated_diffusion_model/generated_diffusion_model_45.png,1
diffusion_model/generated_diffusion_model/generated_diffusion_model_46.png,1
diffusion_model/generated_diffusion_model/generated_diffusion_model_48.png,1
diffusion_model/generated_diffusion_model/generated_diffusion_model_47.png,1
diffusion_model/generated_diffusion_model/generated_diffusion_model_49.png,1
diffusion_model/generated_diffusion_model/generated_diffusion_model_51.png,1
diffusion_model/generated_diffusion_model/generated_diffusion_model_50.png,1
diffusion_model/generated_diffusion_model/generated_diffusion_model_52.png,1
diffusion_model/generated_diffusion_model/generated_diffusion_model_53.png,1
diffusion_model/generated_diffusion_model/generated_diffusion_model_54.png,1
diffusion_model/generated_diffusion_model/generated_diffusion_model_55.png,1
diffusion_model/generated_diffusion_model/generated_diffusion_model_56.png,1
diffusion_model/generated_diffusion_model/generated_diffusion_model_59.png,1
diffusion_model/generated_diffusion_model/generated_diffusion_model_57.png,1
diffusion_model/generated_diffusion_model/generated_diffusion_model_58.png,1
diffusion_model/generated_diffusion_model/generated_diffusion_model_60.png,1
diffusion_model/generated_diffusion_model/generated_diffusion_model_62.png,1
diffusion_model/generated_diffusion_model/generated_diffusion_model_61.png,1
diffusion_model/generated_diffusion_model/generated_diffusion_model_63.png,1
diffusion_model/generated_diffusion_model/generated_diffusion_model_65.png,1
diffusion_model/generated_diffusion_model/generated_diffusion_model_66.png,1
diffusion_model/generated_diffusion_model/generated_diffusion_model_64.png,1
diffusion_model/generated_diffusion_model/generated_diffusion_model_67.png,1
diffusion_model/generated_diffusion_model/generated_diffusion_model_68.png,1
diffusion_model/generated_diffusion_model/generated_diffusion_model_69.png,1
diffusion_model/generated_diffusion_model/generated_diffusion_model_70.png,1
diffusion_model/generated_diffusion_model/generated_diffusion_model_71.png,1
diffusion_model/generated_diffusion_model/generated_diffusion_model_73.png,1
diffusion_model/generated_diffusion_model/generated_diffusion_model_72.png,1
diffusion_model/generated_diffusion_model/generated_diffusion_model_74.png,1
diffusion_model/generated_diffusion_model/generated_diffusion_model_75.png,1
diffusion_model/generated_diffusion_model/generated_diffusion_model_76.png,1
diffusion_model/generated_diffusion_model/generated_diffusion_model_79.png,1
diffusion_model/generated_diffusion_model/generated_diffusion_model_78.png,1
diffusion_model/generated_diffusion_model/generated_diffusion_model_77.png,1
diffusion_model/generated_diffusion_model/generated_diffusion_model_80.png,1
diffusion_model/generated_diffusion_model/generated_diffusion_model_81.png,1
diffusion_model/generated_diffusion_model/generated_diffusion_model_82.png,1
diffusion_model/generated_diffusion_model/generated_diffusion_model_83.png,1
diffusion_model/generated_diffusion_model/generated_diffusion_model_84.png,1
diffusion_model/generated_diffusion_model/generated_diffusion_model_85.png,1
diffusion_model/generated_diffusion_model/generated_diffusion_model_86.png,1
diffusion_model/generated_diffusion_model/generated_diffusion_model_87.png,1
diffusion_model/generated_diffusion_model/generated_diffusion_model_88.png,1
diffusion_model/generated_diffusion_model/generated_diffusion_model_89.png,1
diffusion_model/generated_diffusion_model/generated_diffusion_model_90.png,1
diffusion_model/generated_diffusion_model/generated_diffusion_model_91.png,1
diffusion_model/generated_diffusion_model/generated_diffusion_model_94.png,1
diffusion_model/generated_diffusion_model/generated_diffusion_model_95.png,1
diffusion_model/generated_diffusion_model/generated_diffusion_model_93.png,1
diffusion_model/generated_diffusion_model/generated_diffusion_model_96.png,1
diffusion_model/generated_diffusion_model/generated_diffusion_model_92.png,1
diffusion_model/generated_diffusion_model/generated_diffusion_model_97.png,1
diffusion_model/generated_diffusion_model/generated_diffusion_model_98.png,1
diffusion_model/generated_diffusion_model/generated_diffusion_model_99.png,1
diffusion_model/generated_diffusion_model/generated_diffusion_model_100.png,1
diffusion_model/generated_diffusion_model/generated_diffusion_model_101.png,1
diffusion_model/generated_diffusion_model/generated_diffusion_model_102.png,1
diffusion_model/generated_diffusion_model/generated_diffusion_model_103.png,1
diffusion_model/generated_diffusion_model/generated_diffusion_model_105.png,1
diffusion_model/generated_diffusion_model/generated_diffusion_model_104.png,1
diffusion_model/generated_diffusion_model/generated_diffusion_model_106.png,1
diffusion_model/generated_diffusion_model/generated_diffusion_model_109.png,1
diffusion_model/generated_diffusion_model/generated_diffusion_model_108.png,1
diffusion_model/generated_diffusion_model/generated_diffusion_model_107.png,1
diffusion_model/generated_diffusion_model/generated_diffusion_model_110.png,1
diffusion_model/generated_diffusion_model/generated_diffusion_model_112.png,1
diffusion_model/generated_diffusion_model/generated_diffusion_model_111.png,1
diffusion_model/generated_diffusion_model/generated_diffusion_model_114.png,1
diffusion_model/generated_diffusion_model/generated_diffusion_model_113.png,1
diffusion_model/generated_diffusion_model/generated_diffusion_model_116.png,1
diffusion_model/generated_diffusion_model/generated_diffusion_model_115.png,1
diffusion_model/generated_diffusion_model/generated_diffusion_model_117.png,1
diffusion_model/generated_diffusion_model/generated_diffusion_model_118.png,1
diffusion_model/generated_diffusion_model/generated_diffusion_model_119.png,1
diffusion_model/generated_diffusion_model/generated_diffusion_model_120.png,1
diffusion_model/generated_diffusion_model/generated_diffusion_model_122.png,1
diffusion_model/generated_diffusion_model/generated_diffusion_model_121.png,1
diffusion_model/generated_diffusion_model/generated_diffusion_model_123.png,1
diffusion_model/generated_diffusion_model/generated_diffusion_model_124.png,1
diffusion_model/generated_diffusion_model/generated_diffusion_model_125.png,1
diffusion_model/generated_diffusion_model/generated_diffusion_model_126.png,1
diffusion_model/generated_diffusion_model/generated_diffusion_model_127.png,1
diffusion_model/generated_diffusion_model/generated_diffusion_model_129.png,1
diffusion_model/generated_diffusion_model/generated_diffusion_model_128.png,1
diffusion_model/generated_diffusion_model/generated_diffusion_model_132.png,1
diffusion_model/generated_diffusion_model/generated_diffusion_model_130.png,1
diffusion_model/generated_diffusion_model/generated_diffusion_model_131.png,1
diffusion_model/generated_diffusion_model/generated_diffusion_model_133.png,1
diffusion_model/generated_diffusion_model/generated_diffusion_model_135.png,1
diffusion_model/generated_diffusion_model/generated_diffusion_model_134.png,1
diffusion_model/generated_diffusion_model/generated_diffusion_model_136.png,1
diffusion_model/generated_diffusion_model/generated_diffusion_model_137.png,1
diffusion_model/generated_diffusion_model/generated_diffusion_model_138.png,1
diffusion_model/generated_diffusion_model/generated_diffusion_model_139.png,1
diffusion_model/generated_diffusion_model/generated_diffusion_model_141.png,1
diffusion_model/generated_diffusion_model/generated_diffusion_model_140.png,1
diffusion_model/generated_diffusion_model/generated_diffusion_model_142.png,1
diffusion_model/generated_diffusion_model/generated_diffusion_model_144.png,1
diffusion_model/generated_diffusion_model/generated_diffusion_model_143.png,1
diffusion_model/generated_diffusion_model/generated_diffusion_model_145.png,1
diffusion_model/generated_diffusion_model/generated_diffusion_model_146.png,1
diffusion_model/generated_diffusion_model/generated_diffusion_model_149.png,1
diffusion_model/generated_diffusion_model/generated_diffusion_model_148.png,1
diffusion_model/generated_diffusion_model/generated_diffusion_model_147.png,1
diffusion_model/generated_diffusion_model/generated_diffusion_model_150.png,1
diffusion_model/generated_diffusion_model/generated_diffusion_model_152.png,1
diffusion_model/generated_diffusion_model/generated_diffusion_model_151.png,1
diffusion_model/generated_diffusion_model/generated_diffusion_model_153.png,1
diffusion_model/generated_diffusion_model/generated_diffusion_model_154.png,1
diffusion_model/generated_diffusion_model/generated_diffusion_model_155.png,1
diffusion_model/generated_diffusion_model/generated_diffusion_model_156.png,1
diffusion_model/generated_diffusion_model/generated_diffusion_model_157.png,1
diffusion_model/generated_diffusion_model/generated_diffusion_model_158.png,1
diffusion_model/generated_diffusion_model/generated_diffusion_model_161.png,1
diffusion_model/generated_diffusion_model/generated_diffusion_model_159.png,1
diffusion_model/generated_diffusion_model/generated_diffusion_model_160.png,1
diffusion_model/generated_diffusion_model/generated_diffusion_model_162.png,1
diffusion_model/generated_diffusion_model/generated_diffusion_model_163.png,1
diffusion_model/generated_diffusion_model/generated_diffusion_model_164.png,1
diffusion_model/generated_diffusion_model/generated_diffusion_model_165.png,1
diffusion_model/generated_diffusion_model/generated_diffusion_model_166.png,1
diffusion_model/generated_diffusion_model/generated_diffusion_model_168.png,1
diffusion_model/generated_diffusion_model/generated_diffusion_model_167.png,1
diffusion_model/generated_diffusion_model/generated_diffusion_model_169.png,1
diffusion_model/generated_diffusion_model/generated_diffusion_model_170.png,1
diffusion_model/generated_diffusion_model/generated_diffusion_model_171.png,1
diffusion_model/generated_diffusion_model/generated_diffusion_model_173.png,1
diffusion_model/generated_diffusion_model/generated_diffusion_model_172.png,1
diffusion_model/generated_diffusion_model/generated_diffusion_model_174.png,1
diffusion_model/generated_diffusion_model/generated_diffusion_model_176.png,1
diffusion_model/generated_diffusion_model/generated_diffusion_model_175.png,1
diffusion_model/generated_diffusion_model/generated_diffusion_model_177.png,1
diffusion_model/generated_diffusion_model/generated_diffusion_model_179.png,1
diffusion_model/generated_diffusion_model/generated_diffusion_model_178.png,1
diffusion_model/generated_diffusion_model/generated_diffusion_model_180.png,1
diffusion_model/generated_diffusion_model/generated_diffusion_model_181.png,1
diffusion_model/generated_diffusion_model/generated_diffusion_model_182.png,1
diffusion_model/generated_diffusion_model/generated_diffusion_model_183.png,1
diffusion_model/generated_diffusion_model/generated_diffusion_model_184.png,1
diffusion_model/generated_diffusion_model/generated_diffusion_model_186.png,1
diffusion_model/generated_diffusion_model/generated_diffusion_model_185.png,1
diffusion_model/generated_diffusion_model/generated_diffusion_model_187.png,1
diffusion_model/generated_diffusion_model/generated_diffusion_model_188.png,1
diffusion_model/generated_diffusion_model/generated_diffusion_model_190.png,1
diffusion_model/generated_diffusion_model/generated_diffusion_model_191.png,1
diffusion_model/generated_diffusion_model/generated_diffusion_model_189.png,1
diffusion_model/generated_diffusion_model/generated_diffusion_model_193.png,1
diffusion_model/generated_diffusion_model/generated_diffusion_model_192.png,1
diffusion_model/generated_diffusion_model/generated_diffusion_model_194.png,1
diffusion_model/generated_diffusion_model/generated_diffusion_model_195.png,1
diffusion_model/generated_diffusion_model/generated_diffusion_model_196.png,1
diffusion_model/generated_diffusion_model/generated_diffusion_model_197.png,1
diffusion_model/generated_diffusion_model/generated_diffusion_model_198.png,1
diffusion_model/generated_diffusion_model/generated_diffusion_model_200.png,1
diffusion_model/generated_diffusion_model/generated_diffusion_model_199.png,1
diffusion_model/generated_diffusion_model/generated_diffusion_model_202.png,1
diffusion_model/generated_diffusion_model/generated_diffusion_model_201.png,1
diffusion_model/generated_diffusion_model/generated_diffusion_model_203.png,1
diffusion_model/generated_diffusion_model/generated_diffusion_model_206.png,1
diffusion_model/generated_diffusion_model/generated_diffusion_model_205.png,1
diffusion_model/generated_diffusion_model/generated_diffusion_model_204.png,1
diffusion_model/generated_diffusion_model/generated_diffusion_model_207.png,1
diffusion_model/generated_diffusion_model/generated_diffusion_model_208.png,1
diffusion_model/generated_diffusion_model/generated_diffusion_model_209.png,1
diffusion_model/generated_diffusion_model/generated_diffusion_model_210.png,1
diffusion_model/generated_diffusion_model/generated_diffusion_model_211.png,1
diffusion_model/generated_diffusion_model/generated_diffusion_model_212.png,1
diffusion_model/generated_diffusion_model/generated_diffusion_model_213.png,1
diffusion_model/generated_diffusion_model/generated_diffusion_model_214.png,1
diffusion_model/generated_diffusion_model/generated_diffusion_model_215.png,1
diffusion_model/generated_diffusion_model/generated_diffusion_model_216.png,1
diffusion_model/generated_diffusion_model/generated_diffusion_model_217.png,1
diffusion_model/generated_diffusion_model/generated_diffusion_model_219.png,1
diffusion_model/generated_diffusion_model/generated_diffusion_model_218.png,1
diffusion_model/generated_diffusion_model/generated_diffusion_model_220.png,1
diffusion_model/generated_diffusion_model/generated_diffusion_model_221.png,1
diffusion_model/generated_diffusion_model/generated_diffusion_model_222.png,1
diffusion_model/generated_diffusion_model/generated_diffusion_model_223.png,1
diffusion_model/generated_diffusion_model/generated_diffusion_model_224.png,1
diffusion_model/generated_diffusion_model/generated_diffusion_model_225.png,1
diffusion_model/generated_diffusion_model/generated_diffusion_model_226.png,1
diffusion_model/generated_diffusion_model/generated_diffusion_model_227.png,1
diffusion_model/generated_diffusion_model/generated_diffusion_model_228.png,1
diffusion_model/generated_diffusion_model/generated_diffusion_model_229.png,1
diffusion_model/generated_diffusion_model/generated_diffusion_model_230.png,1
diffusion_model/generated_diffusion_model/generated_diffusion_model_231.png,1
diffusion_model/generated_diffusion_model/generated_diffusion_model_232.png,1
diffusion_model/generated_diffusion_model/generated_diffusion_model_233.png,1
diffusion_model/generated_diffusion_model/generated_diffusion_model_234.png,1
diffusion_model/generated_diffusion_model/generated_diffusion_model_236.png,1
diffusion_model/generated_diffusion_model/generated_diffusion_model_235.png,1
diffusion_model/generated_diffusion_model/generated_diffusion_model_237.png,1
diffusion_model/generated_diffusion_model/generated_diffusion_model_238.png,1
diffusion_model/generated_diffusion_model/generated_diffusion_model_240.png,1
diffusion_model/generated_diffusion_model/generated_diffusion_model_239.png,1
diffusion_model/generated_diffusion_model/generated_diffusion_model_241.png,1
diffusion_model/generated_diffusion_model/generated_diffusion_model_242.png,1
diffusion_model/generated_diffusion_model/generated_diffusion_model_243.png,1
diffusion_model/generated_diffusion_model/generated_diffusion_model_244.png,1
diffusion_model/generated_diffusion_model/generated_diffusion_model_245.png,1
diffusion_model/generated_diffusion_model/generated_diffusion_model_246.png,1
diffusion_model/generated_diffusion_model/generated_diffusion_model_247.png,1
diffusion_model/generated_diffusion_model/generated_diffusion_model_248.png,1
diffusion_model/generated_diffusion_model/generated_diffusion_model_249.png,1
diffusion_model/generated_diffusion_model/generated_diffusion_model_252.png,1
diffusion_model/generated_diffusion_model/generated_diffusion_model_250.png,1
diffusion_model/generated_diffusion_model/generated_diffusion_model_251.png,1
diffusion_model/generated_diffusion_model/generated_diffusion_model_253.png,1
diffusion_model/generated_diffusion_model/generated_diffusion_model_254.png,1
diffusion_model/generated_diffusion_model/generated_diffusion_model_256.png,1
diffusion_model/generated_diffusion_model/generated_diffusion_model_255.png,1
diffusion_model/generated_diffusion_model/generated_diffusion_model_257.png,1
diffusion_model/generated_diffusion_model/generated_diffusion_model_258.png,1
diffusion_model/generated_diffusion_model/generated_diffusion_model_259.png,1
diffusion_model/generated_diffusion_model/generated_diffusion_model_260.png,1
diffusion_model/generated_diffusion_model/generated_diffusion_model_261.png,1
diffusion_model/generated_diffusion_model/generated_diffusion_model_262.png,1
diffusion_model/generated_diffusion_model/generated_diffusion_model_264.png,1
diffusion_model/generated_diffusion_model/generated_diffusion_model_263.png,1
diffusion_model/generated_diffusion_model/generated_diffusion_model_265.png,1
diffusion_model/generated_diffusion_model/generated_diffusion_model_266.png,1
diffusion_model/generated_diffusion_model/generated_diffusion_model_267.png,1
diffusion_model/generated_diffusion_model/generated_diffusion_model_268.png,1
diffusion_model/generated_diffusion_model/generated_diffusion_model_269.png,1
diffusion_model/generated_diffusion_model/generated_diffusion_model_270.png,1
diffusion_model/generated_diffusion_model/generated_diffusion_model_271.png,1
diffusion_model/generated_diffusion_model/generated_diffusion_model_272.png,1
diffusion_model/generated_diffusion_model/generated_diffusion_model_273.png,1
diffusion_model/generated_diffusion_model/generated_diffusion_model_274.png,1
diffusion_model/generated_diffusion_model/generated_diffusion_model_275.png,1
diffusion_model/generated_diffusion_model/generated_diffusion_model_276.png,1
diffusion_model/generated_diffusion_model/generated_diffusion_model_277.png,1
diffusion_model/generated_diffusion_model/generated_diffusion_model_278.png,1
diffusion_model/generated_diffusion_model/generated_diffusion_model_279.png,1
diffusion_model/generated_diffusion_model/generated_diffusion_model_280.png,1
diffusion_model/generated_diffusion_model/generated_diffusion_model_281.png,1
diffusion_model/generated_diffusion_model/generated_diffusion_model_282.png,1
diffusion_model/generated_diffusion_model/generated_diffusion_model_283.png,1
diffusion_model/generated_diffusion_model/generated_diffusion_model_284.png,1
diffusion_model/generated_diffusion_model/generated_diffusion_model_285.png,1
diffusion_model/generated_diffusion_model/generated_diffusion_model_286.png,1
diffusion_model/generated_diffusion_model/generated_diffusion_model_287.png,1
diffusion_model/generated_diffusion_model/generated_diffusion_model_288.png,1
diffusion_model/generated_diffusion_model/generated_diffusion_model_289.png,1
diffusion_model/generated_diffusion_model/generated_diffusion_model_290.png,1
diffusion_model/generated_diffusion_model/generated_diffusion_model_291.png,1
diffusion_model/generated_diffusion_model/generated_diffusion_model_292.png,1
diffusion_model/generated_diffusion_model/generated_diffusion_model_293.png,1
diffusion_model/generated_diffusion_model/generated_diffusion_model_294.png,1
diffusion_model/generated_diffusion_model/generated_diffusion_model_295.png,1
diffusion_model/generated_diffusion_model/generated_diffusion_model_296.png,1
diffusion_model/generated_diffusion_model/generated_diffusion_model_297.png,1
diffusion_model/generated_diffusion_model/generated_diffusion_model_298.png,1
diffusion_model/generated_diffusion_model/generated_diffusion_model_299.png,1
diffusion_model/generated_diffusion_model/generated_diffusion_model_300.png,1
diffusion_model/generated_diffusion_model/generated_diffusion_model_301.png,1
diffusion_model/generated_diffusion_model/generated_diffusion_model_302.png,1
diffusion_model/generated_diffusion_model/generated_diffusion_model_303.png,1
diffusion_model/generated_diffusion_model/generated_diffusion_model_304.png,1
diffusion_model/generated_diffusion_model/generated_diffusion_model_305.png,1
diffusion_model/generated_diffusion_model/generated_diffusion_model_306.png,1
diffusion_model/generated_diffusion_model/generated_diffusion_model_307.png,1
diffusion_model/generated_diffusion_model/generated_diffusion_model_308.png,1
diffusion_model/generated_diffusion_model/generated_diffusion_model_309.png,1
diffusion_model/generated_diffusion_model/generated_diffusion_model_310.png,1
diffusion_model/generated_diffusion_model/generated_diffusion_model_311.png,1
diffusion_model/generated_diffusion_model/generated_diffusion_model_312.png,1
diffusion_model/generated_diffusion_model/generated_diffusion_model_313.png,1
diffusion_model/generated_diffusion_model/generated_diffusion_model_314.png,1
diffusion_model/generated_diffusion_model/generated_diffusion_model_315.png,1
diffusion_model/generated_diffusion_model/generated_diffusion_model_316.png,1
diffusion_model/generated_diffusion_model/generated_diffusion_model_317.png,1
diffusion_model/generated_diffusion_model/generated_diffusion_model_318.png,1
diffusion_model/generated_diffusion_model/generated_diffusion_model_319.png,1
diffusion_model/generated_diffusion_model/generated_diffusion_model_320.png,1
diffusion_model/generated_diffusion_model/generated_diffusion_model_321.png,1
diffusion_model/generated_diffusion_model/generated_diffusion_model_322.png,1
diffusion_model/generated_diffusion_model/generated_diffusion_model_323.png,1
diffusion_model/generated_diffusion_model/generated_diffusion_model_324.png,1
diffusion_model/generated_diffusion_model/generated_diffusion_model_325.png,1
diffusion_model/generated_diffusion_model/generated_diffusion_model_326.png,1
diffusion_model/generated_diffusion_model/generated_diffusion_model_327.png,1
diffusion_model/generated_diffusion_model/generated_diffusion_model_328.png,1
diffusion_model/generated_diffusion_model/generated_diffusion_model_329.png,1
diffusion_model/generated_diffusion_model/generated_diffusion_model_330.png,1
diffusion_model/generated_diffusion_model/generated_diffusion_model_331.png,1
diffusion_model/generated_diffusion_model/generated_diffusion_model_332.png,1
diffusion_model/generated_diffusion_model/generated_diffusion_model_333.png,1
diffusion_model/generated_diffusion_model/generated_diffusion_model_334.png,1
diffusion_model/generated_diffusion_model/generated_diffusion_model_335.png,1
diffusion_model/generated_diffusion_model/generated_diffusion_model_336.png,1
diffusion_model/generated_diffusion_model/generated_diffusion_model_337.png,1
diffusion_model/generated_diffusion_model/generated_diffusion_model_338.png,1
diffusion_model/generated_diffusion_model/generated_diffusion_model_339.png,1
diffusion_model/generated_diffusion_model/generated_diffusion_model_340.png,1
diffusion_model/generated_diffusion_model/generated_diffusion_model_341.png,1
diffusion_model/generated_diffusion_model/generated_diffusion_model_342.png,1
diffusion_model/generated_diffusion_model/generated_diffusion_model_343.png,1
diffusion_model/generated_diffusion_model/generated_diffusion_model_344.png,1
diffusion_model/generated_diffusion_model/generated_diffusion_model_345.png,1
diffusion_model/generated_diffusion_model/generated_diffusion_model_346.png,1
diffusion_model/generated_diffusion_model/generated_diffusion_model_347.png,1
diffusion_model/generated_diffusion_model/generated_diffusion_model_348.png,1
diffusion_model/generated_diffusion_model/generated_diffusion_model_349.png,1
diffusion_model/generated_diffusion_model/generated_diffusion_model_350.png,1
diffusion_model/generated_diffusion_model/generated_diffusion_model_351.png,1
diffusion_model/generated_diffusion_model/generated_diffusion_model_352.png,1
diffusion_model/generated_diffusion_model/generated_diffusion_model_353.png,1
diffusion_model/generated_diffusion_model/generated_diffusion_model_354.png,1
diffusion_model/generated_diffusion_model/generated_diffusion_model_355.png,1
diffusion_model/generated_diffusion_model/generated_diffusion_model_356.png,1
diffusion_model/generated_diffusion_model/generated_diffusion_model_357.png,1
diffusion_model/generated_diffusion_model/generated_diffusion_model_358.png,1
diffusion_model/generated_diffusion_model/generated_diffusion_model_359.png,1
diffusion_model/generated_diffusion_model/generated_diffusion_model_360.png,1
diffusion_model/generated_diffusion_model/generated_diffusion_model_361.png,1
diffusion_model/generated_diffusion_model/generated_diffusion_model_362.png,1
diffusion_model/generated_diffusion_model/generated_diffusion_model_363.png,1
diffusion_model/generated_diffusion_model/generated_diffusion_model_364.png,1
diffusion_model/generated_diffusion_model/generated_diffusion_model_365.png,1
diffusion_model/generated_diffusion_model/generated_diffusion_model_366.png,1
diffusion_model/generated_diffusion_model/generated_diffusion_model_367.png,1
diffusion_model/generated_diffusion_model/generated_diffusion_model_368.png,1
diffusion_model/generated_diffusion_model/generated_diffusion_model_369.png,1
diffusion_model/generated_diffusion_model/generated_diffusion_model_370.png,1
diffusion_model/generated_diffusion_model/generated_diffusion_model_371.png,1
diffusion_model/generated_diffusion_model/generated_diffusion_model_372.png,1
diffusion_model/generated_diffusion_model/generated_diffusion_model_373.png,1
diffusion_model/generated_diffusion_model/generated_diffusion_model_374.png,1
diffusion_model/generated_diffusion_model/generated_diffusion_model_375.png,1
diffusion_model/generated_diffusion_model/generated_diffusion_model_376.png,1
diffusion_model/generated_diffusion_model/generated_diffusion_model_377.png,1
diffusion_model/generated_diffusion_model/generated_diffusion_model_378.png,1
diffusion_model/generated_diffusion_model/generated_diffusion_model_379.png,1
diffusion_model/generated_diffusion_model/generated_diffusion_model_380.png,1
diffusion_model/generated_diffusion_model/generated_diffusion_model_381.png,1
diffusion_model/generated_diffusion_model/generated_diffusion_model_382.png,1
diffusion_model/generated_diffusion_model/generated_diffusion_model_383.png,1
diffusion_model/generated_diffusion_model/generated_diffusion_model_384.png,1
diffusion_model/generated_diffusion_model/generated_diffusion_model_385.png,1
diffusion_model/generated_diffusion_model/generated_diffusion_model_386.png,1
diffusion_model/generated_diffusion_model/generated_diffusion_model_387.png,1
diffusion_model/generated_diffusion_model/generated_diffusion_model_388.png,1
diffusion_model/generated_diffusion_model/generated_diffusion_model_389.png,1
diffusion_model/generated_diffusion_model/generated_diffusion_model_390.png,1
diffusion_model/generated_diffusion_model/generated_diffusion_model_391.png,1
diffusion_model/generated_diffusion_model/generated_diffusion_model_392.png,1
diffusion_model/generated_diffusion_model/generated_diffusion_model_393.png,1
diffusion_model/generated_diffusion_model/generated_diffusion_model_394.png,1
diffusion_model/generated_diffusion_model/generated_diffusion_model_395.png,1
diffusion_model/generated_diffusion_model/generated_diffusion_model_396.png,1
diffusion_model/generated_diffusion_model/generated_diffusion_model_397.png,1
diffusion_model/generated_diffusion_model/generated_diffusion_model_398.png,1
diffusion_model/generated_diffusion_model/generated_diffusion_model_399.png,1
diffusion_model/generated_diffusion_model/generated_diffusion_model_400.png,1
diffusion_model/generated_diffusion_model/generated_diffusion_model_401.png,1
diffusion_model/generated_diffusion_model/generated_diffusion_model_402.png,1
diffusion_model/generated_diffusion_model/generated_diffusion_model_403.png,1
diffusion_model/generated_diffusion_model/generated_diffusion_model_404.png,1
diffusion_model/generated_diffusion_model/generated_diffusion_model_405.png,1
diffusion_model/generated_diffusion_model/generated_diffusion_model_406.png,1
diffusion_model/generated_diffusion_model/generated_diffusion_model_407.png,1
diffusion_model/generated_diffusion_model/generated_diffusion_model_408.png,1
diffusion_model/generated_diffusion_model/generated_diffusion_model_409.png,1
diffusion_model/generated_diffusion_model/generated_diffusion_model_410.png,1
diffusion_model/generated_diffusion_model/generated_diffusion_model_411.png,1
diffusion_model/generated_diffusion_model/generated_diffusion_model_412.png,1
diffusion_model/generated_diffusion_model/generated_diffusion_model_413.png,1
diffusion_model/generated_diffusion_model/generated_diffusion_model_414.png,1
diffusion_model/generated_diffusion_model/generated_diffusion_model_415.png,1
diffusion_model/generated_diffusion_model/generated_diffusion_model_416.png,1
diffusion_model/generated_diffusion_model/generated_diffusion_model_417.png,1
diffusion_model/generated_diffusion_model/generated_diffusion_model_418.png,1
diffusion_model/generated_diffusion_model/generated_diffusion_model_419.png,1
diffusion_model/generated_diffusion_model/generated_diffusion_model_420.png,1
diffusion_model/generated_diffusion_model/generated_diffusion_model_421.png,1
diffusion_model/generated_diffusion_model/generated_diffusion_model_422.png,1
diffusion_model/generated_diffusion_model/generated_diffusion_model_423.png,1
diffusion_model/generated_diffusion_model/generated_diffusion_model_424.png,1
diffusion_model/generated_diffusion_model/generated_diffusion_model_425.png,1
diffusion_model/generated_diffusion_model/generated_diffusion_model_426.png,1
diffusion_model/generated_diffusion_model/generated_diffusion_model_427.png,1
diffusion_model/generated_diffusion_model/generated_diffusion_model_428.png,1
diffusion_model/generated_diffusion_model/generated_diffusion_model_429.png,1
diffusion_model/generated_diffusion_model/generated_diffusion_model_430.png,1
diffusion_model/generated_diffusion_model/generated_diffusion_model_431.png,1
diffusion_model/generated_diffusion_model/generated_diffusion_model_432.png,1
diffusion_model/generated_diffusion_model/generated_diffusion_model_433.png,1
diffusion_model/generated_diffusion_model/generated_diffusion_model_434.png,1
diffusion_model/generated_diffusion_model/generated_diffusion_model_435.png,1
diffusion_model/generated_diffusion_model/generated_diffusion_model_436.png,1
diffusion_model/generated_diffusion_model/generated_diffusion_model_437.png,1
